-- phpMyAdmin SQL Dump
-- version 5.1.0
-- https://www.phpmyadmin.net/
--
-- Хост: 127.0.0.1:3306
-- Время создания: Дек 21 2021 г., 07:54
-- Версия сервера: 8.0.24
-- Версия PHP: 7.1.33

SET SQL_MODE = "NO_AUTO_VALUE_ON_ZERO";
START TRANSACTION;
SET time_zone = "+00:00";


/*!40101 SET @OLD_CHARACTER_SET_CLIENT=@@CHARACTER_SET_CLIENT */;
/*!40101 SET @OLD_CHARACTER_SET_RESULTS=@@CHARACTER_SET_RESULTS */;
/*!40101 SET @OLD_COLLATION_CONNECTION=@@COLLATION_CONNECTION */;
/*!40101 SET NAMES utf8mb4 */;

--
-- База данных: ` construction firm`
--

-- --------------------------------------------------------

--
-- Структура таблицы `материалы`
--

CREATE TABLE `материалы` (
  `Код_материала` int NOT NULL,
  `Стоимость_материала` varchar(40) NOT NULL,
  `Наименование_материалов` varchar(60) NOT NULL,
  `Количество_материала` double NOT NULL
) ENGINE=InnoDB DEFAULT CHARSET=utf8mb4 COLLATE=utf8mb4_0900_ai_ci;

--
-- Дамп данных таблицы `материалы`
--

INSERT INTO `материалы` (`Код_материала`, `Стоимость_материала`, `Наименование_материалов`, `Количество_материала`) VALUES
(23322, '900', 'Кирпичи‎', 5000),
(26375, '690', 'Цемент', 2000),
(31481, '394', 'Аглопорит', 475),
(32905, '1200', 'Стекло‎', 900),
(47291, '300', 'Песок', 800),
(60737, '3230', 'Целлюлозное волокно', 7000),
(68011, '1400', 'Металлопластик', 4000),
(73308, '500', 'Древесные материалы', 1000),
(84727, '1290', 'Грунтовка', 4000),
(89018, '1200', 'Отделочные материалы‎', 1220);

-- --------------------------------------------------------

--
-- Структура таблицы `материалы_заказы`
--

CREATE TABLE `материалы_заказы` (
  `Материалы_Код_материала` int NOT NULL,
  `Заказы_Номер_заказа` int NOT NULL
) ENGINE=InnoDB DEFAULT CHARSET=utf8mb4 COLLATE=utf8mb4_0900_ai_ci;

--
-- Дамп данных таблицы `материалы_заказы`
--

INSERT INTO `материалы_заказы` (`Материалы_Код_материала`, `Заказы_Номер_заказа`) VALUES
(47291, 1),
(73308, 2),
(32905, 3),
(23322, 4),
(89018, 5),
(26375, 6),
(68011, 7),
(31481, 8),
(60737, 9),
(84727, 10),
(47291, 1),
(73308, 2),
(32905, 3),
(23322, 4),
(89018, 5),
(26375, 6),
(68011, 7),
(31481, 8),
(60737, 9),
(84727, 10),
(47291, 1),
(73308, 2),
(32905, 3),
(23322, 4),
(89018, 5),
(26375, 6),
(68011, 7),
(31481, 8),
(60737, 9),
(84727, 10),
(47291, 1),
(73308, 2),
(32905, 3),
(23322, 4),
(89018, 5),
(26375, 6),
(68011, 7),
(31481, 8),
(60737, 9),
(84727, 10),
(47291, 1),
(73308, 2),
(32905, 3),
(23322, 4),
(89018, 5),
(26375, 6),
(68011, 7),
(31481, 8),
(60737, 9),
(84727, 10);

-- --------------------------------------------------------

--
-- Структура таблицы `клиенты`
--

CREATE TABLE `клиенты` (
  `Номер_Клиента` int NOT NULL,
  `Дата_заказа` date NOT NULL,
  `Ответственное_лицо` varchar(120) NOT NULL
) ENGINE=InnoDB DEFAULT CHARSET=utf8mb4 COLLATE=utf8mb4_0900_ai_ci;

--
-- Дамп данных таблицы `клиенты`
--

INSERT INTO `клиенты` (`Номер_Клиента`, `Дата_заказа`, `Ответственное_лицо`) VALUES
(1, '2021-12-01', 'Устинов Бронислав Максович'),
(2, '2021-12-02', 'Воробьёв Пантелей Эдуардович'),
(3, '2021-12-02', 'Бобылёв Евдоким Георгьевич'),
(4, '2021-12-06', 'Лукин Григорий Георгьевич'),
(5, '2021-12-09', 'Рогова Наталья Георгиевна'),
(6, '2021-12-08', 'Ванькова Анастасия Евгеньевна'),
(7, '2021-12-16', 'Рогова Наталья Георгиевна'),
(8, '2021-12-20', 'Ванькова Анастасия Евгеньевна'),
(9, '2021-12-21', 'Рогова Наталья Георгиевна'),
(10, '2021-12-25', 'Ванькова Анастасия Евгеньевна');

-- --------------------------------------------------------

--
-- Структура таблицы `поставщики`
--

CREATE TABLE `поставщики` (
  `idПоставщика` int NOT NULL,
  `Название_организации` varchar(120) NOT NULL,
  `Адрес_организации` varchar(120) NOT NULL,
  `Телефон_организации` varchar(40) NOT NULL,
  `EMAIL` varchar(40) NOT NULL
) ENGINE=InnoDB DEFAULT CHARSET=utf8mb4 COLLATE=utf8mb4_0900_ai_ci;

--
-- Дамп данных таблицы `поставщики`
--

INSERT INTO `поставщики` (`idПоставщика`, `Название_организации`, `Адрес_организации`, `Телефон_организации`, `EMAIL`) VALUES
(1, 'Строимком', 'ул. Московская 28', '89271231234', 'stroimcom@mail.ru'),
(2, 'БилдИнвест', 'ул. Кировская 141', '89231341214', 'bildinvest@mail.ru'),
(3, 'СамСтрой', 'ул. Князева 43', '89025673455', 'samstroy@mail.ru'),
(4, 'СтройБизнес', 'бульвар Чехова, 10', '7(905)580-08-13', 'strojbiznes@mail.ru'),
(5, 'СтройСила', 'пер. Славы, 42', '7(905)025-14-20', 'strojsilamail.ru'),
(6, 'ТехноСтрой', 'шоссе Балканская, 15', '7(905)628-04-72', 'tekhnostroj@mail.ru'),
(7, 'СтройАрт', 'пр. Домодедовская, 13', '7(905)867-65-87', 'strojart@mail.ru'),
(8, 'РемСервис', 'ул. Балканская, 92', '7(905)681-49-45', 'remservis@mail.ru'),
(9, 'РемУслуги', 'пл. Косиора, 18', '7(905)701-13-18', 'remuslugi@mail.ru'),
(10, 'ДомСтрой', 'ул. Сталина, 60', '7(905)360-84-20', 'domstroj@mail.ru');

-- --------------------------------------------------------

--
-- Структура таблицы `поставщики_материалы`
--

CREATE TABLE `поставщики_материалы` (
  `Поставщики_idПоставщика` int NOT NULL,
  `Материалы_Код_материала` int NOT NULL
) ENGINE=InnoDB DEFAULT CHARSET=utf8mb4 COLLATE=utf8mb4_0900_ai_ci;

--
-- Дамп данных таблицы `поставщики_материалы`
--

INSERT INTO `поставщики_материалы` (`Поставщики_idПоставщика`, `Материалы_Код_материала`) VALUES
(1, 47291),
(2, 73308),
(3, 32905),
(4, 23322),
(5, 89018),
(6, 26375),
(7, 68011),
(8, 31481),
(9, 60737),
(10, 84727),
(1, 47291),
(2, 73308),
(3, 32905),
(4, 23322),
(5, 89018),
(6, 26375),
(7, 68011),
(8, 31481),
(9, 60737),
(10, 84727),
(1, 47291),
(2, 73308),
(3, 32905),
(4, 23322),
(5, 89018),
(6, 26375),
(7, 68011),
(8, 31481),
(9, 60737),
(10, 84727),
(1, 47291),
(2, 73308),
(3, 32905),
(4, 23322),
(5, 89018),
(6, 26375),
(7, 68011),
(8, 31481),
(9, 60737),
(10, 84727),
(1, 47291),
(2, 73308),
(3, 32905),
(4, 23322),
(5, 89018),
(6, 26375),
(7, 68011),
(8, 31481),
(9, 60737),
(10, 84727);

-- --------------------------------------------------------

--
-- Структура таблицы `бригады`
--

CREATE TABLE `бригады` (
  `Номер_бригады` int NOT NULL,
  `ФИО_бригадира` varchar(120) NOT NULL,
  `Количество_в_бригаде` double NOT NULL
) ENGINE=InnoDB DEFAULT CHARSET=utf8mb4 COLLATE=utf8mb4_0900_ai_ci;

--
-- Дамп данных таблицы `бригады`
--

INSERT INTO `бригады` (`Номер_бригады`, `ФИО_бригадира`, `Количество_в_бригаде`) VALUES
(1, 'Селезнёв Дмитрий Артемович', 5),
(2, 'Дорофеев Парамон Еремеевич', 12),
(3, 'Селезнёв Дмитрий Артемович', 23),
(4, 'Одинцов Юлиан Дамирович', 15),
(5, 'Селиверстов Валерий Богданович', 11),
(6, 'Власов Болеслав Константинович', 10),
(7, 'Антонов Гавриил Русланович', 10),
(8, 'Трофимов Тарас Иосифович', 12),
(9, 'Нестеров Никифор Витальевич', 14),
(10, 'Дьячков Власий Ярославович', 5);

-- --------------------------------------------------------

--
-- Структура таблицы `заказы`
--

CREATE TABLE `заказы` (
  `Номер заказа` int NOT NULL,
  `Клиенты_Номер_клиента` int NOT NULL,
  `Бригады_Номер_бригады` int NOT NULL,
  `Адрес_Объекта` varchar(120) NOT NULL,
  `Дата_сдачи` date NOT NULL
) ENGINE=InnoDB DEFAULT CHARSET=utf8mb4 COLLATE=utf8mb4_0900_ai_ci;

--
-- Дамп данных таблицы `заказы`
--

INSERT INTO `заказы` (`Номер заказа`, `Клиенты_Номер_клиента`, `Бригады_Номер_бригады`, `Адрес_Объекта`, `Дата_сдачи`) VALUES
(1, 1, 1, 'наб. Будапештсткая, 31', '2022-12-01'),
(2, 2, 2, 'шоссе Бухарестская, 94', '2024-12-02'),
(3, 3, 3, 'бульвар Ломоносова, 02', '2025-12-02'),
(4, 4, 4, 'ул. Косиора, 38, 94', '2026-12-06'),
(5, 5, 5, 'спуск Будапештсткая, 45', '2028-12-09'),
(6, 6, 6, 'проезд Будапештсткая, 72', '2023-12-08'),
(7, 7, 7, 'въезд Чехова, 26', '2022-12-09'),
(8, 8, 8, ' пл. Сталина, 30', '2022-12-08'),
(9, 9, 9, 'спуск Славы, 84', '2026-12-09'),
(10, 10, 10, 'въезд Космонавтов, 63', '2022-12-08');

-- --------------------------------------------------------

--
-- Структура таблицы `сотрудники`
--

CREATE TABLE `сотрудники` (
  `idСотрудника` int NOT NULL,
  `Бригады_Номер_бригады` int NOT NULL,
  `ФИО` varchar(120) NOT NULL,
  `Адрес` varchar(120) NOT NULL,
  `Оклад` double NOT NULL,
  `Должность` varchar(40) NOT NULL,
  `Стаж` varchar(20) NOT NULL
) ENGINE=InnoDB DEFAULT CHARSET=utf8mb4 COLLATE=utf8mb4_0900_ai_ci;

--
-- Дамп данных таблицы `сотрудники`
--

INSERT INTO `сотрудники` (`idСотрудника`, `Бригады_Номер_бригады`, `ФИО`, `Адрес`, `Оклад`, `Должность`, `Стаж`) VALUES
(1, 1, 'Белоусов Николай Дамирович', 'пл. Чехова, 68', 70000, 'Директор', '7 лет'),
(2, 2, 'Белоусов Виталий Дамирович', 'пл. Чехова, 68', 90000, 'Начальник производственного отдела', '7 лет'),
(3, 3, 'Силин Панкрат Донатович', 'наб. Бухарестская, 33', 85000, 'Главный инженер', '10 лет'),
(4, 4, 'Гришин Станислав Артёмович', 'шоссе Сталина, 64', 72000, 'Инженер-строитель', '5 лет'),
(5, 5, 'Тетерин Аверкий Робертович', 'пл. Домодедовская, 2', 76000, 'Архитектор', '5 лет'),
(6, 6, 'Третьяков Мирослав Егорович', 'пл. пл. Бухарестская, 99', 50000, 'Прораб', '9 лет'),
(7, 7, 'Селиверстов Захар Михаилович', 'пер. 1905 года, 10', 30000, 'Арматурщик', '8 лет'),
(8, 8, 'Максимов Альфред Пантелеймонович', 'спуск Сталина, 35', 20000, 'Бетонщик', '2 года'),
(9, 9, 'Белозёров Гарри Юрьевич', 'пл. 1905 года, 28', 45000, 'Электросварщик', '5 лет'),
(10, 10, 'Гордеев Май Петрович', 'спуск Ленина, 32', 30000, 'Строитель', '2 года'),
(11, 1, 'Артемьев Иван Дмитриевич', 'ул. Славы, 88', 40000, 'Инженер по качеству', '5 лет'),
(12, 1, 'Викторов Сергей Андреевич', 'шоссе Балканская, 27', 50000, 'Инженер по строительному контролю', '5 лет'),
(13, 1, 'Семенов Игорь Николаевич', 'наб. Гагарина, 28', 30000, 'Механик', '2 года'),
(14, 1, 'Павлов Роман Федорович', 'спуск Гагарина, 47', 30000, 'Газосварщик', '3 года');

-- --------------------------------------------------------

--
-- Структура таблицы `услуги`
--

CREATE TABLE `услуги` (
  `Номер_услуги` int NOT NULL,
  `Услуга` varchar(80) NOT NULL,
  `Стоимость_услуги` int NOT NULL
) ENGINE=InnoDB DEFAULT CHARSET=utf8mb4 COLLATE=utf8mb4_0900_ai_ci;

--
-- Дамп данных таблицы `услуги`
--

INSERT INTO `услуги` (`Номер_услуги`, `Услуга`, `Стоимость_услуги`) VALUES
(1, 'Ремонт', 600),
(2, 'Строительство бетонных конструкций', 11000000),
(3, 'Строительство железобетонных конструкций', 400000),
(4, 'Проектирование', 2000000),
(5, 'Фасадные работы', 350000),
(6, 'Ландшафтный дизайн', 3000000),
(7, 'Гидроизоляционные работы', 3000000),
(8, 'Общестроительные работы', 800000),
(9, 'Отделка', 54000),
(10, 'Кровельные работы', 100000);

-- --------------------------------------------------------

--
-- Структура таблицы `услуги_заказы`
--

CREATE TABLE `услуги_заказы` (
  `Услуги_Номер_Услуги` int NOT NULL,
  `Заказы_Номер_заказа` int NOT NULL
) ENGINE=InnoDB DEFAULT CHARSET=utf8mb4 COLLATE=utf8mb4_0900_ai_ci;

--
-- Дамп данных таблицы `услуги_заказы`
--

INSERT INTO `услуги_заказы` (`Услуги_Номер_Услуги`, `Заказы_Номер_заказа`) VALUES
(1, 1),
(2, 2),
(3, 3),
(4, 4),
(5, 5),
(6, 6),
(7, 7),
(8, 8),
(9, 9),
(10, 10),
(1, 1),
(2, 2),
(3, 3),
(4, 4),
(5, 5),
(6, 6),
(7, 7),
(8, 8),
(9, 9),
(10, 10),
(1, 1),
(2, 2),
(3, 3),
(4, 4),
(5, 5),
(6, 6),
(7, 7),
(8, 8),
(9, 9),
(10, 10),
(1, 1),
(2, 2),
(3, 3),
(4, 4),
(5, 5),
(6, 6),
(7, 7),
(8, 8),
(9, 9),
(10, 10),
(1, 1),
(2, 2),
(3, 3),
(4, 4),
(5, 5),
(6, 6),
(7, 7),
(8, 8),
(9, 9),
(10, 10);

--
-- Индексы сохранённых таблиц
--

--
-- Индексы таблицы `материалы`
--
ALTER TABLE `материалы`
  ADD PRIMARY KEY (`Код_материала`);

--
-- Индексы таблицы `материалы_заказы`
--
ALTER TABLE `материалы_заказы`
  ADD KEY `Материалы_Код_материала` (`Материалы_Код_материала`),
  ADD KEY `Заказы_Номер_заказа` (`Заказы_Номер_заказа`);

--
-- Индексы таблицы `клиенты`
--
ALTER TABLE `клиенты`
  ADD PRIMARY KEY (`Номер_Клиента`);

--
-- Индексы таблицы `поставщики`
--
ALTER TABLE `поставщики`
  ADD PRIMARY KEY (`idПоставщика`);

--
-- Индексы таблицы `поставщики_материалы`
--
ALTER TABLE `поставщики_материалы`
  ADD KEY `Поставщики_idПоставщика` (`Поставщики_idПоставщика`),
  ADD KEY `Материалы_Код_материала` (`Материалы_Код_материала`);

--
-- Индексы таблицы `бригады`
--
ALTER TABLE `бригады`
  ADD PRIMARY KEY (`Номер_бригады`);

--
-- Индексы таблицы `заказы`
--
ALTER TABLE `заказы`
  ADD PRIMARY KEY (`Номер заказа`),
  ADD KEY `Клиенты_Номер_клиента` (`Клиенты_Номер_клиента`),
  ADD KEY `Бригады_Номер_бригады` (`Бригады_Номер_бригады`);

--
-- Индексы таблицы `сотрудники`
--
ALTER TABLE `сотрудники`
  ADD PRIMARY KEY (`idСотрудника`),
  ADD KEY `Бригады_Номер_бригады` (`Бригады_Номер_бригады`);

--
-- Индексы таблицы `услуги`
--
ALTER TABLE `услуги`
  ADD PRIMARY KEY (`Номер_услуги`);

--
-- Индексы таблицы `услуги_заказы`
--
ALTER TABLE `услуги_заказы`
  ADD KEY `Услуги_Номер_Услуги` (`Услуги_Номер_Услуги`),
  ADD KEY `Заказы_Номер_заказа` (`Заказы_Номер_заказа`);

--
-- Ограничения внешнего ключа сохраненных таблиц
--

--
-- Ограничения внешнего ключа таблицы `материалы_заказы`
--
ALTER TABLE `материалы_заказы`
  ADD CONSTRAINT `материалы_заказы_ibfk_1` FOREIGN KEY (`Материалы_Код_материала`) REFERENCES `материалы` (`Код_материала`),
  ADD CONSTRAINT `материалы_заказы_ibfk_2` FOREIGN KEY (`Заказы_Номер_заказа`) REFERENCES `заказы` (`Номер заказа`);

--
-- Ограничения внешнего ключа таблицы `поставщики_материалы`
--
ALTER TABLE `поставщики_материалы`
  ADD CONSTRAINT `поставщики_материалы_ibfk_1` FOREIGN KEY (`Поставщики_idПоставщика`) REFERENCES `поставщики` (`idПоставщика`),
  ADD CONSTRAINT `поставщики_материалы_ibfk_2` FOREIGN KEY (`Материалы_Код_материала`) REFERENCES `материалы` (`Код_материала`);

--
-- Ограничения внешнего ключа таблицы `заказы`
--
ALTER TABLE `заказы`
  ADD CONSTRAINT `заказы_ibfk_1` FOREIGN KEY (`Клиенты_Номер_клиента`) REFERENCES `клиенты` (`Номер_Клиента`),
  ADD CONSTRAINT `заказы_ibfk_2` FOREIGN KEY (`Бригады_Номер_бригады`) REFERENCES `бригады` (`Номер_бригады`);

--
-- Ограничения внешнего ключа таблицы `сотрудники`
--
ALTER TABLE `сотрудники`
  ADD CONSTRAINT `сотрудники_ibfk_1` FOREIGN KEY (`Бригады_Номер_бригады`) REFERENCES `бригады` (`Номер_бригады`);

--
-- Ограничения внешнего ключа таблицы `услуги_заказы`
--
ALTER TABLE `услуги_заказы`
  ADD CONSTRAINT `услуги_заказы_ibfk_1` FOREIGN KEY (`Услуги_Номер_Услуги`) REFERENCES `услуги` (`Номер_услуги`),
  ADD CONSTRAINT `услуги_заказы_ibfk_2` FOREIGN KEY (`Заказы_Номер_заказа`) REFERENCES `заказы` (`Номер заказа`);
COMMIT;

/*!40101 SET CHARACTER_SET_CLIENT=@OLD_CHARACTER_SET_CLIENT */;
/*!40101 SET CHARACTER_SET_RESULTS=@OLD_CHARACTER_SET_RESULTS */;
/*!40101 SET COLLATION_CONNECTION=@OLD_COLLATION_CONNECTION */;
